-- phpMyAdmin SQL Dump
-- version 4.6.5.2
-- https://www.phpmyadmin.net/
--
-- Host: 127.0.0.1
-- Generation Time: Nov 29, 2018 at 01:06 PM
-- Server version: 10.1.21-MariaDB
-- PHP Version: 5.6.30

SET SQL_MODE = "NO_AUTO_VALUE_ON_ZERO";
SET time_zone = "+00:00";


/*!40101 SET @OLD_CHARACTER_SET_CLIENT=@@CHARACTER_SET_CLIENT */;
/*!40101 SET @OLD_CHARACTER_SET_RESULTS=@@CHARACTER_SET_RESULTS */;
/*!40101 SET @OLD_COLLATION_CONNECTION=@@COLLATION_CONNECTION */;
/*!40101 SET NAMES utf8mb4 */;

--
-- Database: `job_recomm`
--

-- --------------------------------------------------------

--
-- Table structure for table `answer`
--

CREATE TABLE `answer` (
  `answer_id` int(11) NOT NULL,
  `value` varchar(255) DEFAULT NULL,
  `name` varchar(255) DEFAULT NULL,
  `user_id` int(11) DEFAULT NULL,
  `date` datetime DEFAULT CURRENT_TIMESTAMP,
  `is_active` varchar(255) DEFAULT '6',
  `createdby` int(11) DEFAULT NULL,
  `created` datetime DEFAULT CURRENT_TIMESTAMP,
  `updatedby` int(11) DEFAULT NULL,
  `updated` datetime DEFAULT NULL ON UPDATE CURRENT_TIMESTAMP
) ENGINE=InnoDB DEFAULT CHARSET=latin1;

--
-- Dumping data for table `answer`
--

INSERT INTO `answer` (`answer_id`, `value`, `name`, `user_id`, `date`, `is_active`, `createdby`, `created`, `updatedby`, `updated`) VALUES
(1, NULL, NULL, 1, '2018-11-08 22:25:57', '6', 1, '2018-11-08 22:25:57', NULL, NULL),
(2, NULL, NULL, 1, '2018-11-08 22:27:18', '6', 1, '2018-11-08 22:27:18', NULL, NULL),
(3, NULL, NULL, 1, '2018-11-08 22:49:49', '6', 1, '2018-11-08 22:49:49', NULL, NULL),
(4, NULL, NULL, 1, '2018-11-08 22:50:28', '6', 1, '2018-11-08 22:50:28', NULL, NULL),
(5, NULL, NULL, 1, '2018-11-08 23:17:22', '6', 1, '2018-11-08 23:17:22', NULL, NULL),
(6, NULL, NULL, 1, '2018-11-08 23:19:15', '6', 1, '2018-11-08 23:19:15', NULL, NULL),
(7, NULL, NULL, 1, '2018-11-08 23:22:07', '6', 1, '2018-11-08 23:22:07', NULL, NULL),
(8, NULL, NULL, 1, '2018-11-16 23:59:03', '6', 1, '2018-11-16 23:59:03', NULL, NULL);

-- --------------------------------------------------------

--
-- Table structure for table `answer_detail`
--

CREATE TABLE `answer_detail` (
  `answer_detail_id` int(11) NOT NULL,
  `answer_id` int(11) DEFAULT NULL,
  `question_id` int(11) DEFAULT NULL,
  `is_checked` varchar(255) DEFAULT NULL,
  `createdby` int(11) DEFAULT NULL,
  `created` datetime DEFAULT CURRENT_TIMESTAMP,
  `updatedby` int(11) DEFAULT NULL,
  `updated` datetime DEFAULT NULL ON UPDATE CURRENT_TIMESTAMP
) ENGINE=InnoDB DEFAULT CHARSET=latin1;

--
-- Dumping data for table `answer_detail`
--

INSERT INTO `answer_detail` (`answer_detail_id`, `answer_id`, `question_id`, `is_checked`, `createdby`, `created`, `updatedby`, `updated`) VALUES
(1, 1, 1, '1', 1, '2018-11-08 22:25:57', NULL, NULL),
(2, 1, 2, '0', 1, '2018-11-08 22:25:57', NULL, NULL),
(3, 1, 3, '1', 1, '2018-11-08 22:25:57', NULL, NULL),
(4, 1, 4, '0', 1, '2018-11-08 22:25:57', NULL, NULL),
(5, 1, 5, '1', 1, '2018-11-08 22:25:57', NULL, NULL),
(6, 1, 6, '1', 1, '2018-11-08 22:25:57', NULL, NULL),
(7, 1, 7, '0', 1, '2018-11-08 22:25:57', NULL, NULL),
(8, 1, 8, '1', 1, '2018-11-08 22:25:57', NULL, NULL),
(9, 1, 9, '0', 1, '2018-11-08 22:25:57', NULL, NULL),
(10, 1, 10, '0', 1, '2018-11-08 22:25:57', NULL, NULL),
(11, 1, 11, '1', 1, '2018-11-08 22:25:57', NULL, NULL),
(12, 1, 12, '1', 1, '2018-11-08 22:25:57', NULL, NULL),
(13, 1, 13, '1', 1, '2018-11-08 22:25:58', NULL, NULL),
(14, 1, 15, '0', 1, '2018-11-08 22:25:58', NULL, NULL),
(15, 1, 16, '0', 1, '2018-11-08 22:25:58', NULL, NULL),
(16, 1, 17, '0', 1, '2018-11-08 22:25:58', NULL, NULL),
(17, 1, 18, '1', 1, '2018-11-08 22:25:58', NULL, NULL),
(18, 1, 19, '1', 1, '2018-11-08 22:25:58', NULL, NULL),
(19, 1, 20, '0', 1, '2018-11-08 22:25:58', NULL, NULL),
(20, 1, 21, '0', 1, '2018-11-08 22:25:58', NULL, NULL),
(21, 1, 22, '1', 1, '2018-11-08 22:25:58', NULL, NULL),
(22, 1, 23, '1', 1, '2018-11-08 22:25:58', NULL, NULL),
(23, 1, 24, '0', 1, '2018-11-08 22:25:58', NULL, NULL),
(24, 1, 25, '0', 1, '2018-11-08 22:25:58', NULL, NULL),
(25, 1, 26, '0', 1, '2018-11-08 22:25:58', NULL, NULL),
(26, 1, 27, '1', 1, '2018-11-08 22:25:58', NULL, NULL),
(27, 1, 28, '0', 1, '2018-11-08 22:25:58', NULL, NULL),
(28, 1, 29, '1', 1, '2018-11-08 22:25:58', NULL, NULL),
(29, 1, 30, '1', 1, '2018-11-08 22:25:58', NULL, NULL),
(30, 1, 31, '0', 1, '2018-11-08 22:25:58', NULL, NULL),
(31, 1, 32, '0', 1, '2018-11-08 22:25:58', NULL, NULL),
(32, 1, 33, '1', 1, '2018-11-08 22:25:58', NULL, NULL),
(33, 1, 34, '0', 1, '2018-11-08 22:25:58', NULL, NULL),
(34, 1, 35, '0', 1, '2018-11-08 22:25:58', NULL, NULL),
(35, 1, 36, '1', 1, '2018-11-08 22:25:58', NULL, NULL),
(36, 1, 37, '0', 1, '2018-11-08 22:25:58', NULL, NULL),
(37, 1, 38, '1', 1, '2018-11-08 22:25:58', NULL, NULL),
(38, 1, 39, '1', 1, '2018-11-08 22:25:58', NULL, NULL),
(39, 1, 40, '0', 1, '2018-11-08 22:25:59', NULL, NULL),
(40, 1, 41, '1', 1, '2018-11-08 22:25:59', NULL, NULL),
(41, 1, 42, '0', 1, '2018-11-08 22:25:59', NULL, NULL),
(42, 1, 43, '1', 1, '2018-11-08 22:25:59', NULL, NULL),
(43, 1, 44, '1', 1, '2018-11-08 22:25:59', NULL, NULL),
(44, 1, 45, '1', 1, '2018-11-08 22:25:59', NULL, NULL),
(45, 1, 46, '0', 1, '2018-11-08 22:25:59', NULL, NULL),
(46, 1, 47, '0', 1, '2018-11-08 22:25:59', NULL, NULL),
(47, 1, 48, '1', 1, '2018-11-08 22:25:59', NULL, NULL),
(48, 1, 49, '1', 1, '2018-11-08 22:25:59', NULL, NULL),
(49, 1, 50, '0', 1, '2018-11-08 22:25:59', NULL, NULL),
(50, 1, 51, '1', 1, '2018-11-08 22:25:59', NULL, NULL),
(51, 1, 52, '0', 1, '2018-11-08 22:25:59', NULL, NULL),
(52, 1, 53, '0', 1, '2018-11-08 22:25:59', NULL, NULL),
(53, 1, 54, '1', 1, '2018-11-08 22:25:59', NULL, NULL),
(54, 1, 55, '0', 1, '2018-11-08 22:25:59', NULL, NULL),
(55, 1, 56, '1', 1, '2018-11-08 22:25:59', NULL, NULL),
(56, 1, 57, '0', 1, '2018-11-08 22:25:59', NULL, NULL),
(57, 1, 58, '0', 1, '2018-11-08 22:25:59', NULL, NULL),
(58, 1, 59, '1', 1, '2018-11-08 22:25:59', NULL, NULL),
(59, 1, 60, '1', 1, '2018-11-08 22:25:59', NULL, NULL),
(60, 1, 61, '0', 1, '2018-11-08 22:25:59', NULL, NULL),
(61, 2, 1, '1', 1, '2018-11-08 22:27:19', NULL, NULL),
(62, 2, 2, '0', 1, '2018-11-08 22:27:19', NULL, NULL),
(63, 2, 3, '0', 1, '2018-11-08 22:27:19', NULL, NULL),
(64, 2, 4, '1', 1, '2018-11-08 22:27:19', NULL, NULL),
(65, 2, 5, '0', 1, '2018-11-08 22:27:19', NULL, NULL),
(66, 2, 6, '1', 1, '2018-11-08 22:27:19', NULL, NULL),
(67, 2, 7, '1', 1, '2018-11-08 22:27:19', NULL, NULL),
(68, 2, 8, '0', 1, '2018-11-08 22:27:19', NULL, NULL),
(69, 2, 9, '0', 1, '2018-11-08 22:27:19', NULL, NULL),
(70, 2, 10, '0', 1, '2018-11-08 22:27:19', NULL, NULL),
(71, 2, 11, '0', 1, '2018-11-08 22:27:19', NULL, NULL),
(72, 2, 12, '0', 1, '2018-11-08 22:27:19', NULL, NULL),
(73, 2, 13, '1', 1, '2018-11-08 22:27:19', NULL, NULL),
(74, 2, 15, '0', 1, '2018-11-08 22:27:19', NULL, NULL),
(75, 2, 16, '1', 1, '2018-11-08 22:27:19', NULL, NULL),
(76, 2, 17, '0', 1, '2018-11-08 22:27:19', NULL, NULL),
(77, 2, 18, '0', 1, '2018-11-08 22:27:19', NULL, NULL),
(78, 2, 19, '1', 1, '2018-11-08 22:27:20', NULL, NULL),
(79, 2, 20, '0', 1, '2018-11-08 22:27:20', NULL, NULL),
(80, 2, 21, '1', 1, '2018-11-08 22:27:20', NULL, NULL),
(81, 2, 22, '0', 1, '2018-11-08 22:27:20', NULL, NULL),
(82, 2, 23, '0', 1, '2018-11-08 22:27:20', NULL, NULL),
(83, 2, 24, '1', 1, '2018-11-08 22:27:20', NULL, NULL),
(84, 2, 25, '1', 1, '2018-11-08 22:27:20', NULL, NULL),
(85, 2, 26, '1', 1, '2018-11-08 22:27:20', NULL, NULL),
(86, 2, 27, '0', 1, '2018-11-08 22:27:20', NULL, NULL),
(87, 2, 28, '1', 1, '2018-11-08 22:27:20', NULL, NULL),
(88, 2, 29, '1', 1, '2018-11-08 22:27:20', NULL, NULL),
(89, 2, 30, '1', 1, '2018-11-08 22:27:20', NULL, NULL),
(90, 2, 31, '1', 1, '2018-11-08 22:27:20', NULL, NULL),
(91, 2, 32, '1', 1, '2018-11-08 22:27:20', NULL, NULL),
(92, 2, 33, '1', 1, '2018-11-08 22:27:20', NULL, NULL),
(93, 2, 34, '0', 1, '2018-11-08 22:27:20', NULL, NULL),
(94, 2, 35, '1', 1, '2018-11-08 22:27:20', NULL, NULL),
(95, 2, 36, '1', 1, '2018-11-08 22:27:20', NULL, NULL),
(96, 2, 37, '1', 1, '2018-11-08 22:27:20', NULL, NULL),
(97, 2, 38, '1', 1, '2018-11-08 22:27:20', NULL, NULL),
(98, 2, 39, '0', 1, '2018-11-08 22:27:20', NULL, NULL),
(99, 2, 40, '1', 1, '2018-11-08 22:27:20', NULL, NULL),
(100, 2, 41, '0', 1, '2018-11-08 22:27:20', NULL, NULL),
(101, 2, 42, '1', 1, '2018-11-08 22:27:20', NULL, NULL),
(102, 2, 43, '1', 1, '2018-11-08 22:27:20', NULL, NULL),
(103, 2, 44, '1', 1, '2018-11-08 22:27:20', NULL, NULL),
(104, 2, 45, '0', 1, '2018-11-08 22:27:20', NULL, NULL),
(105, 2, 46, '1', 1, '2018-11-08 22:27:20', NULL, NULL),
(106, 2, 47, '1', 1, '2018-11-08 22:27:20', NULL, NULL),
(107, 2, 48, '0', 1, '2018-11-08 22:27:21', NULL, NULL),
(108, 2, 49, '0', 1, '2018-11-08 22:27:21', NULL, NULL),
(109, 2, 50, '1', 1, '2018-11-08 22:27:21', NULL, NULL),
(110, 2, 51, '1', 1, '2018-11-08 22:27:21', NULL, NULL),
(111, 2, 52, '1', 1, '2018-11-08 22:27:21', NULL, NULL),
(112, 2, 53, '0', 1, '2018-11-08 22:27:21', NULL, NULL),
(113, 2, 54, '1', 1, '2018-11-08 22:27:21', NULL, NULL),
(114, 2, 55, '0', 1, '2018-11-08 22:27:21', NULL, NULL),
(115, 2, 56, '0', 1, '2018-11-08 22:27:21', NULL, NULL),
(116, 2, 57, '0', 1, '2018-11-08 22:27:21', NULL, NULL),
(117, 2, 58, '0', 1, '2018-11-08 22:27:21', NULL, NULL),
(118, 2, 59, '1', 1, '2018-11-08 22:27:21', NULL, NULL),
(119, 2, 60, '0', 1, '2018-11-08 22:27:21', NULL, NULL),
(120, 2, 61, '0', 1, '2018-11-08 22:27:21', NULL, NULL),
(121, 3, 1, '0', 1, '2018-11-08 22:49:49', NULL, NULL),
(122, 3, 2, '0', 1, '2018-11-08 22:49:49', NULL, NULL),
(123, 3, 3, '0', 1, '2018-11-08 22:49:49', NULL, NULL),
(124, 3, 4, '0', 1, '2018-11-08 22:49:49', NULL, NULL),
(125, 3, 5, '0', 1, '2018-11-08 22:49:49', NULL, NULL),
(126, 3, 6, '0', 1, '2018-11-08 22:49:49', NULL, NULL),
(127, 3, 7, '0', 1, '2018-11-08 22:49:49', NULL, NULL),
(128, 3, 8, '0', 1, '2018-11-08 22:49:49', NULL, NULL),
(129, 3, 9, '0', 1, '2018-11-08 22:49:49', NULL, NULL),
(130, 3, 10, '0', 1, '2018-11-08 22:49:49', NULL, NULL),
(131, 3, 11, '0', 1, '2018-11-08 22:49:49', NULL, NULL),
(132, 3, 12, '0', 1, '2018-11-08 22:49:49', NULL, NULL),
(133, 3, 13, '0', 1, '2018-11-08 22:49:49', NULL, NULL),
(134, 3, 15, '0', 1, '2018-11-08 22:49:49', NULL, NULL),
(135, 3, 16, '0', 1, '2018-11-08 22:49:49', NULL, NULL),
(136, 3, 17, '0', 1, '2018-11-08 22:49:49', NULL, NULL),
(137, 3, 18, '0', 1, '2018-11-08 22:49:50', NULL, NULL),
(138, 3, 19, '0', 1, '2018-11-08 22:49:50', NULL, NULL),
(139, 3, 20, '0', 1, '2018-11-08 22:49:50', NULL, NULL),
(140, 3, 21, '0', 1, '2018-11-08 22:49:50', NULL, NULL),
(141, 3, 22, '0', 1, '2018-11-08 22:49:50', NULL, NULL),
(142, 3, 23, '0', 1, '2018-11-08 22:49:50', NULL, NULL),
(143, 3, 24, '0', 1, '2018-11-08 22:49:50', NULL, NULL),
(144, 3, 25, '0', 1, '2018-11-08 22:49:50', NULL, NULL),
(145, 3, 26, '0', 1, '2018-11-08 22:49:50', NULL, NULL),
(146, 3, 27, '0', 1, '2018-11-08 22:49:50', NULL, NULL),
(147, 3, 28, '0', 1, '2018-11-08 22:49:50', NULL, NULL),
(148, 3, 29, '0', 1, '2018-11-08 22:49:50', NULL, NULL),
(149, 3, 30, '0', 1, '2018-11-08 22:49:50', NULL, NULL),
(150, 3, 31, '0', 1, '2018-11-08 22:49:50', NULL, NULL),
(151, 3, 32, '0', 1, '2018-11-08 22:49:50', NULL, NULL),
(152, 3, 33, '0', 1, '2018-11-08 22:49:50', NULL, NULL),
(153, 3, 34, '0', 1, '2018-11-08 22:49:50', NULL, NULL),
(154, 3, 35, '0', 1, '2018-11-08 22:49:50', NULL, NULL),
(155, 3, 36, '0', 1, '2018-11-08 22:49:50', NULL, NULL),
(156, 3, 37, '0', 1, '2018-11-08 22:49:50', NULL, NULL),
(157, 3, 38, '0', 1, '2018-11-08 22:49:50', NULL, NULL),
(158, 3, 39, '0', 1, '2018-11-08 22:49:50', NULL, NULL),
(159, 3, 40, '0', 1, '2018-11-08 22:49:50', NULL, NULL),
(160, 3, 41, '0', 1, '2018-11-08 22:49:50', NULL, NULL),
(161, 3, 42, '0', 1, '2018-11-08 22:49:50', NULL, NULL),
(162, 3, 43, '0', 1, '2018-11-08 22:49:50', NULL, NULL),
(163, 3, 44, '0', 1, '2018-11-08 22:49:50', NULL, NULL),
(164, 3, 45, '0', 1, '2018-11-08 22:49:50', NULL, NULL),
(165, 3, 46, '0', 1, '2018-11-08 22:49:51', NULL, NULL),
(166, 3, 47, '0', 1, '2018-11-08 22:49:51', NULL, NULL),
(167, 3, 48, '0', 1, '2018-11-08 22:49:51', NULL, NULL),
(168, 3, 49, '0', 1, '2018-11-08 22:49:51', NULL, NULL),
(169, 3, 50, '0', 1, '2018-11-08 22:49:51', NULL, NULL),
(170, 3, 51, '0', 1, '2018-11-08 22:49:51', NULL, NULL),
(171, 3, 52, '0', 1, '2018-11-08 22:49:51', NULL, NULL),
(172, 3, 53, '0', 1, '2018-11-08 22:49:51', NULL, NULL),
(173, 3, 54, '0', 1, '2018-11-08 22:49:51', NULL, NULL),
(174, 3, 55, '0', 1, '2018-11-08 22:49:51', NULL, NULL),
(175, 3, 56, '0', 1, '2018-11-08 22:49:51', NULL, NULL),
(176, 3, 57, '0', 1, '2018-11-08 22:49:51', NULL, NULL),
(177, 3, 58, '0', 1, '2018-11-08 22:49:51', NULL, NULL),
(178, 3, 59, '0', 1, '2018-11-08 22:49:51', NULL, NULL),
(179, 3, 60, '0', 1, '2018-11-08 22:49:51', NULL, NULL),
(180, 3, 61, '0', 1, '2018-11-08 22:49:51', NULL, NULL),
(181, 4, 1, '0', 1, '2018-11-08 22:50:28', NULL, NULL),
(182, 4, 2, '0', 1, '2018-11-08 22:50:28', NULL, NULL),
(183, 4, 3, '0', 1, '2018-11-08 22:50:28', NULL, NULL),
(184, 4, 4, '0', 1, '2018-11-08 22:50:28', NULL, NULL),
(185, 4, 5, '1', 1, '2018-11-08 22:50:28', NULL, NULL),
(186, 4, 6, '1', 1, '2018-11-08 22:50:28', NULL, NULL),
(187, 4, 7, '0', 1, '2018-11-08 22:50:28', NULL, NULL),
(188, 4, 8, '1', 1, '2018-11-08 22:50:28', NULL, NULL),
(189, 4, 9, '1', 1, '2018-11-08 22:50:28', NULL, NULL),
(190, 4, 10, '1', 1, '2018-11-08 22:50:28', NULL, NULL),
(191, 4, 11, '0', 1, '2018-11-08 22:50:28', NULL, NULL),
(192, 4, 12, '1', 1, '2018-11-08 22:50:28', NULL, NULL),
(193, 4, 13, '1', 1, '2018-11-08 22:50:28', NULL, NULL),
(194, 4, 15, '1', 1, '2018-11-08 22:50:28', NULL, NULL),
(195, 4, 16, '1', 1, '2018-11-08 22:50:28', NULL, NULL),
(196, 4, 17, '1', 1, '2018-11-08 22:50:29', NULL, NULL),
(197, 4, 18, '1', 1, '2018-11-08 22:50:29', NULL, NULL),
(198, 4, 19, '0', 1, '2018-11-08 22:50:29', NULL, NULL),
(199, 4, 20, '1', 1, '2018-11-08 22:50:29', NULL, NULL),
(200, 4, 21, '1', 1, '2018-11-08 22:50:29', NULL, NULL),
(201, 4, 22, '1', 1, '2018-11-08 22:50:29', NULL, NULL),
(202, 4, 23, '0', 1, '2018-11-08 22:50:29', NULL, NULL),
(203, 4, 24, '1', 1, '2018-11-08 22:50:29', NULL, NULL),
(204, 4, 25, '0', 1, '2018-11-08 22:50:29', NULL, NULL),
(205, 4, 26, '0', 1, '2018-11-08 22:50:29', NULL, NULL),
(206, 4, 27, '1', 1, '2018-11-08 22:50:29', NULL, NULL),
(207, 4, 28, '0', 1, '2018-11-08 22:50:29', NULL, NULL),
(208, 4, 29, '0', 1, '2018-11-08 22:50:29', NULL, NULL),
(209, 4, 30, '1', 1, '2018-11-08 22:50:29', NULL, NULL),
(210, 4, 31, '0', 1, '2018-11-08 22:50:29', NULL, NULL),
(211, 4, 32, '0', 1, '2018-11-08 22:50:29', NULL, NULL),
(212, 4, 33, '1', 1, '2018-11-08 22:50:29', NULL, NULL),
(213, 4, 34, '1', 1, '2018-11-08 22:50:29', NULL, NULL),
(214, 4, 35, '1', 1, '2018-11-08 22:50:29', NULL, NULL),
(215, 4, 36, '0', 1, '2018-11-08 22:50:29', NULL, NULL),
(216, 4, 37, '1', 1, '2018-11-08 22:50:29', NULL, NULL),
(217, 4, 38, '1', 1, '2018-11-08 22:50:29', NULL, NULL),
(218, 4, 39, '1', 1, '2018-11-08 22:50:29', NULL, NULL),
(219, 4, 40, '0', 1, '2018-11-08 22:50:29', NULL, NULL),
(220, 4, 41, '1', 1, '2018-11-08 22:50:29', NULL, NULL),
(221, 4, 42, '1', 1, '2018-11-08 22:50:29', NULL, NULL),
(222, 4, 43, '1', 1, '2018-11-08 22:50:30', NULL, NULL),
(223, 4, 44, '1', 1, '2018-11-08 22:50:30', NULL, NULL),
(224, 4, 45, '0', 1, '2018-11-08 22:50:30', NULL, NULL),
(225, 4, 46, '0', 1, '2018-11-08 22:50:30', NULL, NULL),
(226, 4, 47, '0', 1, '2018-11-08 22:50:30', NULL, NULL),
(227, 4, 48, '1', 1, '2018-11-08 22:50:30', NULL, NULL),
(228, 4, 49, '0', 1, '2018-11-08 22:50:30', NULL, NULL),
(229, 4, 50, '0', 1, '2018-11-08 22:50:30', NULL, NULL),
(230, 4, 51, '1', 1, '2018-11-08 22:50:30', NULL, NULL),
(231, 4, 52, '0', 1, '2018-11-08 22:50:30', NULL, NULL),
(232, 4, 53, '1', 1, '2018-11-08 22:50:30', NULL, NULL),
(233, 4, 54, '1', 1, '2018-11-08 22:50:30', NULL, NULL),
(234, 4, 55, '0', 1, '2018-11-08 22:50:30', NULL, NULL),
(235, 4, 56, '1', 1, '2018-11-08 22:50:30', NULL, NULL),
(236, 4, 57, '1', 1, '2018-11-08 22:50:30', NULL, NULL),
(237, 4, 58, '0', 1, '2018-11-08 22:50:30', NULL, NULL),
(238, 4, 59, '0', 1, '2018-11-08 22:50:30', NULL, NULL),
(239, 4, 60, '0', 1, '2018-11-08 22:50:30', NULL, NULL),
(240, 4, 61, '1', 1, '2018-11-08 22:50:30', NULL, NULL),
(241, 5, 1, '0', 1, '2018-11-08 23:17:22', NULL, NULL),
(242, 5, 2, '0', 1, '2018-11-08 23:17:22', NULL, NULL),
(243, 5, 3, '0', 1, '2018-11-08 23:17:22', NULL, NULL),
(244, 5, 4, '0', 1, '2018-11-08 23:17:22', NULL, NULL),
(245, 5, 5, '0', 1, '2018-11-08 23:17:22', NULL, NULL),
(246, 5, 6, '0', 1, '2018-11-08 23:17:22', NULL, NULL),
(247, 5, 7, '0', 1, '2018-11-08 23:17:22', NULL, NULL),
(248, 5, 8, '0', 1, '2018-11-08 23:17:22', NULL, NULL),
(249, 5, 9, '0', 1, '2018-11-08 23:17:22', NULL, NULL),
(250, 5, 10, '0', 1, '2018-11-08 23:17:22', NULL, NULL),
(251, 5, 11, '0', 1, '2018-11-08 23:17:22', NULL, NULL),
(252, 5, 12, '0', 1, '2018-11-08 23:17:22', NULL, NULL),
(253, 5, 13, '0', 1, '2018-11-08 23:17:22', NULL, NULL),
(254, 5, 15, '0', 1, '2018-11-08 23:17:22', NULL, NULL),
(255, 5, 16, '0', 1, '2018-11-08 23:17:22', NULL, NULL),
(256, 5, 17, '0', 1, '2018-11-08 23:17:22', NULL, NULL),
(257, 5, 18, '0', 1, '2018-11-08 23:17:23', NULL, NULL),
(258, 5, 19, '0', 1, '2018-11-08 23:17:23', NULL, NULL),
(259, 5, 20, '0', 1, '2018-11-08 23:17:23', NULL, NULL),
(260, 5, 21, '0', 1, '2018-11-08 23:17:23', NULL, NULL),
(261, 5, 22, '0', 1, '2018-11-08 23:17:23', NULL, NULL),
(262, 5, 23, '0', 1, '2018-11-08 23:17:23', NULL, NULL),
(263, 5, 24, '0', 1, '2018-11-08 23:17:23', NULL, NULL),
(264, 5, 25, '0', 1, '2018-11-08 23:17:23', NULL, NULL),
(265, 5, 26, '0', 1, '2018-11-08 23:17:23', NULL, NULL),
(266, 5, 27, '0', 1, '2018-11-08 23:17:23', NULL, NULL),
(267, 5, 28, '0', 1, '2018-11-08 23:17:23', NULL, NULL),
(268, 5, 29, '0', 1, '2018-11-08 23:17:23', NULL, NULL),
(269, 5, 30, '0', 1, '2018-11-08 23:17:23', NULL, NULL),
(270, 5, 31, '0', 1, '2018-11-08 23:17:23', NULL, NULL),
(271, 5, 32, '0', 1, '2018-11-08 23:17:23', NULL, NULL),
(272, 5, 33, '0', 1, '2018-11-08 23:17:23', NULL, NULL),
(273, 5, 34, '0', 1, '2018-11-08 23:17:23', NULL, NULL),
(274, 5, 35, '0', 1, '2018-11-08 23:17:23', NULL, NULL),
(275, 5, 36, '0', 1, '2018-11-08 23:17:23', NULL, NULL),
(276, 5, 37, '0', 1, '2018-11-08 23:17:23', NULL, NULL),
(277, 5, 38, '0', 1, '2018-11-08 23:17:23', NULL, NULL),
(278, 5, 39, '0', 1, '2018-11-08 23:17:23', NULL, NULL),
(279, 5, 40, '0', 1, '2018-11-08 23:17:24', NULL, NULL),
(280, 5, 41, '0', 1, '2018-11-08 23:17:24', NULL, NULL),
(281, 5, 42, '0', 1, '2018-11-08 23:17:24', NULL, NULL),
(282, 5, 43, '0', 1, '2018-11-08 23:17:24', NULL, NULL),
(283, 5, 44, '0', 1, '2018-11-08 23:17:24', NULL, NULL),
(284, 5, 45, '0', 1, '2018-11-08 23:17:24', NULL, NULL),
(285, 5, 46, '0', 1, '2018-11-08 23:17:24', NULL, NULL),
(286, 5, 47, '0', 1, '2018-11-08 23:17:24', NULL, NULL),
(287, 5, 48, '0', 1, '2018-11-08 23:17:24', NULL, NULL),
(288, 5, 49, '0', 1, '2018-11-08 23:17:24', NULL, NULL),
(289, 5, 50, '0', 1, '2018-11-08 23:17:24', NULL, NULL),
(290, 5, 51, '0', 1, '2018-11-08 23:17:24', NULL, NULL),
(291, 5, 52, '0', 1, '2018-11-08 23:17:24', NULL, NULL),
(292, 5, 53, '0', 1, '2018-11-08 23:17:24', NULL, NULL),
(293, 5, 54, '0', 1, '2018-11-08 23:17:24', NULL, NULL),
(294, 5, 55, '0', 1, '2018-11-08 23:17:24', NULL, NULL),
(295, 5, 56, '0', 1, '2018-11-08 23:17:24', NULL, NULL),
(296, 5, 57, '0', 1, '2018-11-08 23:17:24', NULL, NULL),
(297, 5, 58, '0', 1, '2018-11-08 23:17:24', NULL, NULL),
(298, 5, 59, '0', 1, '2018-11-08 23:17:24', NULL, NULL),
(299, 5, 60, '0', 1, '2018-11-08 23:17:24', NULL, NULL),
(300, 5, 61, '0', 1, '2018-11-08 23:17:24', NULL, NULL),
(301, 6, 1, '0', 1, '2018-11-08 23:19:15', NULL, NULL),
(302, 6, 2, '0', 1, '2018-11-08 23:19:15', NULL, NULL),
(303, 6, 3, '0', 1, '2018-11-08 23:19:15', NULL, NULL),
(304, 6, 4, '1', 1, '2018-11-08 23:19:15', NULL, NULL),
(305, 6, 5, '0', 1, '2018-11-08 23:19:15', NULL, NULL),
(306, 6, 6, '1', 1, '2018-11-08 23:19:15', NULL, NULL),
(307, 6, 7, '0', 1, '2018-11-08 23:19:15', NULL, NULL),
(308, 6, 8, '0', 1, '2018-11-08 23:19:16', NULL, NULL),
(309, 6, 9, '1', 1, '2018-11-08 23:19:16', NULL, NULL),
(310, 6, 10, '0', 1, '2018-11-08 23:19:16', NULL, NULL),
(311, 6, 11, '0', 1, '2018-11-08 23:19:16', NULL, NULL),
(312, 6, 12, '0', 1, '2018-11-08 23:19:16', NULL, NULL),
(313, 6, 13, '0', 1, '2018-11-08 23:19:16', NULL, NULL),
(314, 6, 15, '0', 1, '2018-11-08 23:19:16', NULL, NULL),
(315, 6, 16, '1', 1, '2018-11-08 23:19:16', NULL, NULL),
(316, 6, 17, '0', 1, '2018-11-08 23:19:16', NULL, NULL),
(317, 6, 18, '0', 1, '2018-11-08 23:19:16', NULL, NULL),
(318, 6, 19, '0', 1, '2018-11-08 23:19:16', NULL, NULL),
(319, 6, 20, '0', 1, '2018-11-08 23:19:16', NULL, NULL),
(320, 6, 21, '0', 1, '2018-11-08 23:19:16', NULL, NULL),
(321, 6, 22, '0', 1, '2018-11-08 23:19:16', NULL, NULL),
(322, 6, 23, '0', 1, '2018-11-08 23:19:16', NULL, NULL),
(323, 6, 24, '0', 1, '2018-11-08 23:19:16', NULL, NULL),
(324, 6, 25, '0', 1, '2018-11-08 23:19:16', NULL, NULL),
(325, 6, 26, '0', 1, '2018-11-08 23:19:16', NULL, NULL),
(326, 6, 27, '0', 1, '2018-11-08 23:19:16', NULL, NULL),
(327, 6, 28, '0', 1, '2018-11-08 23:19:16', NULL, NULL),
(328, 6, 29, '1', 1, '2018-11-08 23:19:16', NULL, NULL),
(329, 6, 30, '0', 1, '2018-11-08 23:19:16', NULL, NULL),
(330, 6, 31, '1', 1, '2018-11-08 23:19:17', NULL, NULL),
(331, 6, 32, '0', 1, '2018-11-08 23:19:17', NULL, NULL),
(332, 6, 33, '1', 1, '2018-11-08 23:19:17', NULL, NULL),
(333, 6, 34, '1', 1, '2018-11-08 23:19:17', NULL, NULL),
(334, 6, 35, '1', 1, '2018-11-08 23:19:17', NULL, NULL),
(335, 6, 36, '0', 1, '2018-11-08 23:19:17', NULL, NULL),
(336, 6, 37, '1', 1, '2018-11-08 23:19:17', NULL, NULL),
(337, 6, 38, '0', 1, '2018-11-08 23:19:17', NULL, NULL),
(338, 6, 39, '1', 1, '2018-11-08 23:19:17', NULL, NULL),
(339, 6, 40, '0', 1, '2018-11-08 23:19:17', NULL, NULL),
(340, 6, 41, '0', 1, '2018-11-08 23:19:17', NULL, NULL),
(341, 6, 42, '0', 1, '2018-11-08 23:19:17', NULL, NULL),
(342, 6, 43, '0', 1, '2018-11-08 23:19:17', NULL, NULL),
(343, 6, 44, '0', 1, '2018-11-08 23:19:17', NULL, NULL),
(344, 6, 45, '0', 1, '2018-11-08 23:19:17', NULL, NULL),
(345, 6, 46, '0', 1, '2018-11-08 23:19:17', NULL, NULL),
(346, 6, 47, '0', 1, '2018-11-08 23:19:17', NULL, NULL),
(347, 6, 48, '0', 1, '2018-11-08 23:19:17', NULL, NULL),
(348, 6, 49, '0', 1, '2018-11-08 23:19:17', NULL, NULL),
(349, 6, 50, '0', 1, '2018-11-08 23:19:17', NULL, NULL),
(350, 6, 51, '0', 1, '2018-11-08 23:19:17', NULL, NULL),
(351, 6, 52, '0', 1, '2018-11-08 23:19:18', NULL, NULL),
(352, 6, 53, '0', 1, '2018-11-08 23:19:18', NULL, NULL),
(353, 6, 54, '0', 1, '2018-11-08 23:19:18', NULL, NULL),
(354, 6, 55, '0', 1, '2018-11-08 23:19:18', NULL, NULL),
(355, 6, 56, '1', 1, '2018-11-08 23:19:18', NULL, NULL),
(356, 6, 57, '0', 1, '2018-11-08 23:19:18', NULL, NULL),
(357, 6, 58, '0', 1, '2018-11-08 23:19:18', NULL, NULL),
(358, 6, 59, '1', 1, '2018-11-08 23:19:18', NULL, NULL),
(359, 6, 60, '0', 1, '2018-11-08 23:19:18', NULL, NULL),
(360, 6, 61, '1', 1, '2018-11-08 23:19:18', NULL, NULL),
(361, 7, 1, '0', 1, '2018-11-08 23:22:07', NULL, NULL),
(362, 7, 2, '0', 1, '2018-11-08 23:22:07', NULL, NULL),
(363, 7, 3, '1', 1, '2018-11-08 23:22:07', NULL, NULL),
(364, 7, 4, '1', 1, '2018-11-08 23:22:07', NULL, NULL),
(365, 7, 5, '1', 1, '2018-11-08 23:22:07', NULL, NULL),
(366, 7, 6, '1', 1, '2018-11-08 23:22:07', NULL, NULL),
(367, 7, 7, '0', 1, '2018-11-08 23:22:07', NULL, NULL),
(368, 7, 8, '1', 1, '2018-11-08 23:22:07', NULL, NULL),
(369, 7, 9, '1', 1, '2018-11-08 23:22:07', NULL, NULL),
(370, 7, 10, '1', 1, '2018-11-08 23:22:07', NULL, NULL),
(371, 7, 11, '1', 1, '2018-11-08 23:22:08', NULL, NULL),
(372, 7, 12, '0', 1, '2018-11-08 23:22:08', NULL, NULL),
(373, 7, 13, '1', 1, '2018-11-08 23:22:08', NULL, NULL),
(374, 7, 15, '1', 1, '2018-11-08 23:22:08', NULL, NULL),
(375, 7, 16, '1', 1, '2018-11-08 23:22:08', NULL, NULL),
(376, 7, 17, '0', 1, '2018-11-08 23:22:08', NULL, NULL),
(377, 7, 18, '0', 1, '2018-11-08 23:22:08', NULL, NULL),
(378, 7, 19, '0', 1, '2018-11-08 23:22:08', NULL, NULL),
(379, 7, 20, '0', 1, '2018-11-08 23:22:08', NULL, NULL),
(380, 7, 21, '1', 1, '2018-11-08 23:22:08', NULL, NULL),
(381, 7, 22, '1', 1, '2018-11-08 23:22:08', NULL, NULL),
(382, 7, 23, '0', 1, '2018-11-08 23:22:08', NULL, NULL),
(383, 7, 24, '0', 1, '2018-11-08 23:22:08', NULL, NULL),
(384, 7, 25, '0', 1, '2018-11-08 23:22:08', NULL, NULL),
(385, 7, 26, '0', 1, '2018-11-08 23:22:08', NULL, NULL),
(386, 7, 27, '0', 1, '2018-11-08 23:22:08', NULL, NULL),
(387, 7, 28, '0', 1, '2018-11-08 23:22:08', NULL, NULL),
(388, 7, 29, '0', 1, '2018-11-08 23:22:08', NULL, NULL),
(389, 7, 30, '0', 1, '2018-11-08 23:22:08', NULL, NULL),
(390, 7, 31, '0', 1, '2018-11-08 23:22:08', NULL, NULL),
(391, 7, 32, '0', 1, '2018-11-08 23:22:08', NULL, NULL),
(392, 7, 33, '0', 1, '2018-11-08 23:22:08', NULL, NULL),
(393, 7, 34, '0', 1, '2018-11-08 23:22:08', NULL, NULL),
(394, 7, 35, '0', 1, '2018-11-08 23:22:08', NULL, NULL),
(395, 7, 36, '1', 1, '2018-11-08 23:22:09', NULL, NULL),
(396, 7, 37, '1', 1, '2018-11-08 23:22:09', NULL, NULL),
(397, 7, 38, '0', 1, '2018-11-08 23:22:09', NULL, NULL),
(398, 7, 39, '0', 1, '2018-11-08 23:22:09', NULL, NULL),
(399, 7, 40, '0', 1, '2018-11-08 23:22:09', NULL, NULL),
(400, 7, 41, '0', 1, '2018-11-08 23:22:09', NULL, NULL),
(401, 7, 42, '1', 1, '2018-11-08 23:22:09', NULL, NULL),
(402, 7, 43, '0', 1, '2018-11-08 23:22:09', NULL, NULL),
(403, 7, 44, '0', 1, '2018-11-08 23:22:09', NULL, NULL),
(404, 7, 45, '1', 1, '2018-11-08 23:22:09', NULL, NULL),
(405, 7, 46, '0', 1, '2018-11-08 23:22:09', NULL, NULL),
(406, 7, 47, '0', 1, '2018-11-08 23:22:09', NULL, NULL),
(407, 7, 48, '1', 1, '2018-11-08 23:22:09', NULL, NULL),
(408, 7, 49, '1', 1, '2018-11-08 23:22:09', NULL, NULL),
(409, 7, 50, '1', 1, '2018-11-08 23:22:09', NULL, NULL),
(410, 7, 51, '1', 1, '2018-11-08 23:22:09', NULL, NULL),
(411, 7, 52, '0', 1, '2018-11-08 23:22:09', NULL, NULL),
(412, 7, 53, '0', 1, '2018-11-08 23:22:09', NULL, NULL),
(413, 7, 54, '0', 1, '2018-11-08 23:22:09', NULL, NULL),
(414, 7, 55, '0', 1, '2018-11-08 23:22:09', NULL, NULL),
(415, 7, 56, '1', 1, '2018-11-08 23:22:09', NULL, NULL),
(416, 7, 57, '1', 1, '2018-11-08 23:22:09', NULL, NULL),
(417, 7, 58, '0', 1, '2018-11-08 23:22:09', NULL, NULL),
(418, 7, 59, '0', 1, '2018-11-08 23:22:09', NULL, NULL),
(419, 7, 60, '1', 1, '2018-11-08 23:22:09', NULL, NULL),
(420, 7, 61, '0', 1, '2018-11-08 23:22:09', NULL, NULL),
(421, 8, 1, '0', 1, '2018-11-16 23:59:03', NULL, NULL),
(422, 8, 2, '0', 1, '2018-11-16 23:59:04', NULL, NULL),
(423, 8, 3, '1', 1, '2018-11-16 23:59:04', NULL, NULL),
(424, 8, 4, '0', 1, '2018-11-16 23:59:04', NULL, NULL),
(425, 8, 5, '0', 1, '2018-11-16 23:59:04', NULL, NULL),
(426, 8, 6, '1', 1, '2018-11-16 23:59:04', NULL, NULL),
(427, 8, 7, '1', 1, '2018-11-16 23:59:04', NULL, NULL),
(428, 8, 8, '0', 1, '2018-11-16 23:59:04', NULL, NULL),
(429, 8, 9, '0', 1, '2018-11-16 23:59:04', NULL, NULL),
(430, 8, 10, '0', 1, '2018-11-16 23:59:04', NULL, NULL),
(431, 8, 11, '0', 1, '2018-11-16 23:59:04', NULL, NULL),
(432, 8, 12, '1', 1, '2018-11-16 23:59:04', NULL, NULL),
(433, 8, 13, '1', 1, '2018-11-16 23:59:04', NULL, NULL),
(434, 8, 15, '1', 1, '2018-11-16 23:59:04', NULL, NULL),
(435, 8, 16, '1', 1, '2018-11-16 23:59:04', NULL, NULL),
(436, 8, 17, '0', 1, '2018-11-16 23:59:04', NULL, NULL),
(437, 8, 18, '1', 1, '2018-11-16 23:59:04', NULL, NULL),
(438, 8, 19, '0', 1, '2018-11-16 23:59:04', NULL, NULL),
(439, 8, 20, '0', 1, '2018-11-16 23:59:04', NULL, NULL),
(440, 8, 21, '1', 1, '2018-11-16 23:59:04', NULL, NULL),
(441, 8, 22, '1', 1, '2018-11-16 23:59:05', NULL, NULL),
(442, 8, 23, '0', 1, '2018-11-16 23:59:05', NULL, NULL),
(443, 8, 24, '0', 1, '2018-11-16 23:59:05', NULL, NULL),
(444, 8, 25, '1', 1, '2018-11-16 23:59:05', NULL, NULL),
(445, 8, 26, '1', 1, '2018-11-16 23:59:05', NULL, NULL),
(446, 8, 27, '0', 1, '2018-11-16 23:59:05', NULL, NULL),
(447, 8, 28, '1', 1, '2018-11-16 23:59:05', NULL, NULL),
(448, 8, 29, '1', 1, '2018-11-16 23:59:05', NULL, NULL),
(449, 8, 30, '1', 1, '2018-11-16 23:59:05', NULL, NULL),
(450, 8, 31, '0', 1, '2018-11-16 23:59:05', NULL, NULL),
(451, 8, 32, '0', 1, '2018-11-16 23:59:05', NULL, NULL),
(452, 8, 33, '1', 1, '2018-11-16 23:59:05', NULL, NULL),
(453, 8, 34, '1', 1, '2018-11-16 23:59:05', NULL, NULL),
(454, 8, 35, '1', 1, '2018-11-16 23:59:05', NULL, NULL),
(455, 8, 36, '0', 1, '2018-11-16 23:59:05', NULL, NULL),
(456, 8, 37, '1', 1, '2018-11-16 23:59:05', NULL, NULL),
(457, 8, 38, '1', 1, '2018-11-16 23:59:05', NULL, NULL),
(458, 8, 39, '1', 1, '2018-11-16 23:59:05', NULL, NULL),
(459, 8, 40, '1', 1, '2018-11-16 23:59:05', NULL, NULL),
(460, 8, 41, '1', 1, '2018-11-16 23:59:05', NULL, NULL),
(461, 8, 42, '1', 1, '2018-11-16 23:59:06', NULL, NULL),
(462, 8, 43, '0', 1, '2018-11-16 23:59:06', NULL, NULL),
(463, 8, 44, '0', 1, '2018-11-16 23:59:06', NULL, NULL),
(464, 8, 45, '0', 1, '2018-11-16 23:59:06', NULL, NULL),
(465, 8, 46, '1', 1, '2018-11-16 23:59:06', NULL, NULL),
(466, 8, 47, '1', 1, '2018-11-16 23:59:06', NULL, NULL),
(467, 8, 48, '0', 1, '2018-11-16 23:59:06', NULL, NULL),
(468, 8, 49, '1', 1, '2018-11-16 23:59:06', NULL, NULL),
(469, 8, 50, '0', 1, '2018-11-16 23:59:06', NULL, NULL),
(470, 8, 51, '1', 1, '2018-11-16 23:59:06', NULL, NULL),
(471, 8, 52, '0', 1, '2018-11-16 23:59:06', NULL, NULL),
(472, 8, 53, '0', 1, '2018-11-16 23:59:06', NULL, NULL),
(473, 8, 54, '0', 1, '2018-11-16 23:59:06', NULL, NULL),
(474, 8, 55, '0', 1, '2018-11-16 23:59:06', NULL, NULL),
(475, 8, 56, '1', 1, '2018-11-16 23:59:06', NULL, NULL),
(476, 8, 57, '1', 1, '2018-11-16 23:59:06', NULL, NULL),
(477, 8, 58, '0', 1, '2018-11-16 23:59:07', NULL, NULL),
(478, 8, 59, '0', 1, '2018-11-16 23:59:07', NULL, NULL),
(479, 8, 60, '0', 1, '2018-11-16 23:59:07', NULL, NULL),
(480, 8, 61, '0', 1, '2018-11-16 23:59:07', NULL, NULL);

-- --------------------------------------------------------

--
-- Table structure for table `code_result`
--

CREATE TABLE `code_result` (
  `code_result_id` int(11) NOT NULL,
  `holland_code_id` int(11) DEFAULT NULL,
  `value` varchar(255) DEFAULT NULL,
  `name` varchar(255) DEFAULT NULL,
  `code_result_group_id` int(11) DEFAULT NULL,
  `is_active` varchar(255) DEFAULT '6',
  `createdby` int(11) DEFAULT NULL,
  `created` datetime DEFAULT CURRENT_TIMESTAMP,
  `updatedby` int(11) DEFAULT NULL,
  `updated` datetime DEFAULT NULL ON UPDATE CURRENT_TIMESTAMP
) ENGINE=InnoDB DEFAULT CHARSET=latin1;

-- --------------------------------------------------------

--
-- Table structure for table `data_list`
--

CREATE TABLE `data_list` (
  `data_list_id` int(11) NOT NULL,
  `value` varchar(255) DEFAULT NULL,
  `name` varchar(255) DEFAULT NULL,
  `description` varchar(255) DEFAULT NULL,
  `group_id` enum('role_id','gendre_id','is_active','question_group_id','vocation_id','ref_evidence_group_id') DEFAULT NULL,
  `is_active` varchar(255) DEFAULT '6',
  `createdby` int(11) DEFAULT NULL,
  `created` datetime DEFAULT CURRENT_TIMESTAMP,
  `updatedby` int(11) DEFAULT NULL,
  `updated` datetime DEFAULT NULL ON UPDATE CURRENT_TIMESTAMP
) ENGINE=InnoDB DEFAULT CHARSET=latin1;

--
-- Dumping data for table `data_list`
--

INSERT INTO `data_list` (`data_list_id`, `value`, `name`, `description`, `group_id`, `is_active`, `createdby`, `created`, `updatedby`, `updated`) VALUES
(1, 'Siswa', 'Siswa', NULL, 'role_id', '6', NULL, '2018-11-08 00:00:00', NULL, '2018-11-08 11:55:03'),
(2, 'Guru', 'Guru', NULL, 'role_id', '6', NULL, '2018-11-08 11:29:00', NULL, '2018-11-08 11:55:03'),
(3, 'Pakar', 'Pakar', NULL, 'role_id', '6', NULL, '2018-11-08 11:29:15', NULL, '2018-11-16 20:16:30'),
(4, 'Laki-laki', 'Laki-laki', NULL, 'gendre_id', '6', NULL, '2018-11-08 11:29:20', NULL, '2018-11-08 11:55:03'),
(5, 'Perempuan', 'Perempuan', NULL, 'gendre_id', '6', NULL, '2018-11-08 11:29:41', NULL, '2018-11-08 11:55:03'),
(6, 'Ya', 'Ya', NULL, 'is_active', '6', NULL, '2018-11-08 11:29:50', NULL, '2018-11-08 11:55:03'),
(7, 'Tidak', 'Tidak', NULL, 'is_active', '6', NULL, '2018-11-08 11:29:57', NULL, '2018-11-08 11:55:03'),
(8, 'R', 'Realistic', 'People who have athletic ability, prefer to work with objects, machines, tools, plants or\r\nanimals, or to be outdoors.', 'question_group_id', '6', NULL, '2018-11-08 11:30:11', NULL, '2018-11-08 22:54:09'),
(9, 'I', 'Investigative', 'People who like to observe, learn, investigate, analyze, evaluate, or solve problems.', 'question_group_id', '6', NULL, '2018-11-08 11:30:19', NULL, '2018-11-08 22:54:31'),
(10, 'A', 'Artistic', 'People who have artistic, innovating, or intuitional abilities and like to work in\r\nunstructured situations using their imagination and creativity.', 'question_group_id', '6', NULL, '2018-11-08 11:30:24', NULL, '2018-11-08 22:52:38'),
(11, 'S', 'Social', 'People who like to work with people to enlighten, inform, help, train, or cure them, or are\r\nskilled with words.\r', 'question_group_id', '6', NULL, '2018-11-08 11:30:29', NULL, '2018-11-08 22:52:45'),
(12, 'E', 'Enterprising', 'People who like to work with people, influencing, persuading, leading or managing for\r\norganizational goals or economic gain.\r', 'question_group_id', '6', NULL, '2018-11-08 11:30:39', NULL, '2018-11-08 22:53:39'),
(13, 'C', 'Conventional', 'People who like to work with data, have clerical or numerical ability, carry out tasks in\r\ndetail, or follow through on others’ instructions.', 'question_group_id', '6', NULL, '2018-11-08 11:30:45', NULL, '2018-11-08 22:54:07'),
(15, 'Farmasi', 'Farmasi', NULL, 'vocation_id', '6', NULL, '2018-11-08 11:54:56', NULL, '2018-11-08 13:19:28'),
(16, 'Analis Kesehatan', 'Analis Kesehatan', NULL, 'vocation_id', '6', NULL, '2018-11-08 11:56:13', NULL, '2018-11-08 13:19:37'),
(17, 'Keperawatan', 'Keperawatan', NULL, 'vocation_id', '6', NULL, '2018-11-08 11:56:15', NULL, '2018-11-08 13:19:43'),
(18, 'riasec', 'riasec', NULL, 'ref_evidence_group_id', '6', NULL, '2018-11-16 17:06:40', NULL, NULL),
(19, 'vocation', 'vocation', NULL, 'ref_evidence_group_id', '6', NULL, '2018-11-16 17:06:45', NULL, '2018-11-16 17:07:06');

-- --------------------------------------------------------

--
-- Table structure for table `module`
--

CREATE TABLE `module` (
  `module_id` int(11) NOT NULL,
  `value` varchar(255) DEFAULT NULL,
  `name` varchar(255) DEFAULT NULL,
  `menu_parent_id` int(11) DEFAULT NULL,
  `createdby` int(11) DEFAULT NULL,
  `created` timestamp NULL DEFAULT NULL,
  `updatedby` int(11) DEFAULT NULL,
  `updated` timestamp NULL DEFAULT NULL ON UPDATE CURRENT_TIMESTAMP,
  `is_active` int(11) DEFAULT '6',
  `icon` varchar(10) DEFAULT NULL
) ENGINE=InnoDB DEFAULT CHARSET=latin1;

--
-- Dumping data for table `module`
--

INSERT INTO `module` (`module_id`, `value`, `name`, `menu_parent_id`, `createdby`, `created`, `updatedby`, `updated`, `is_active`, `icon`) VALUES
(1000000, 'welcome', 'Dashboard', NULL, NULL, NULL, NULL, '2018-11-08 05:37:38', 6, NULL),
(1000025, 'questionnaire', 'Questionnaire', NULL, NULL, NULL, NULL, NULL, 6, NULL),
(1000026, 'result', 'Result', NULL, NULL, NULL, NULL, '2018-11-08 15:09:42', 6, NULL),
(1000027, 'vocation', 'Master Vocation (Evidence)', NULL, NULL, NULL, NULL, '2018-11-16 08:52:24', 6, NULL),
(1000028, 'job', 'Job (Hypothesis)', NULL, NULL, NULL, NULL, '2018-11-16 08:52:26', 6, NULL),
(1000029, 'vocation_value', 'Probability Evidence', NULL, NULL, NULL, NULL, '2018-11-16 10:34:56', 6, NULL),
(1000030, 'job_value', 'Probability Hypothesis', NULL, NULL, NULL, NULL, '2018-11-16 10:34:56', 6, NULL),
(1000031, 'maping_probability', 'Maping Probability', NULL, NULL, NULL, NULL, NULL, 6, NULL);

-- --------------------------------------------------------

--
-- Table structure for table `module_group`
--

CREATE TABLE `module_group` (
  `module_group_id` int(11) NOT NULL,
  `module_id` int(11) DEFAULT NULL,
  `role_id` int(11) DEFAULT NULL,
  `createdby` int(11) DEFAULT NULL,
  `created` timestamp NULL DEFAULT NULL ON UPDATE CURRENT_TIMESTAMP,
  `updatedby` int(11) DEFAULT NULL,
  `updated` timestamp NULL DEFAULT NULL ON UPDATE CURRENT_TIMESTAMP,
  `is_active` int(11) DEFAULT '6'
) ENGINE=InnoDB DEFAULT CHARSET=latin1;

--
-- Dumping data for table `module_group`
--

INSERT INTO `module_group` (`module_group_id`, `module_id`, `role_id`, `createdby`, `created`, `updatedby`, `updated`, `is_active`) VALUES
(1000507, 1000000, 1, NULL, NULL, NULL, NULL, 6),
(1000508, 1000025, 1, NULL, NULL, NULL, NULL, 6),
(1000509, 1000026, 1, NULL, '2018-11-08 15:09:50', NULL, '2018-11-08 15:09:50', 6),
(1000510, 1000027, 3, NULL, NULL, NULL, NULL, 6),
(1000511, 1000028, 3, NULL, NULL, NULL, NULL, 6),
(1000512, 1000000, 3, NULL, NULL, NULL, NULL, 6),
(1000513, 1000029, 3, NULL, NULL, NULL, NULL, 6),
(1000514, 1000030, 3, NULL, NULL, NULL, NULL, 6),
(1000515, 1000031, 3, NULL, NULL, NULL, NULL, 6);

-- --------------------------------------------------------

--
-- Table structure for table `question`
--

CREATE TABLE `question` (
  `question_id` int(11) NOT NULL,
  `value` varchar(255) DEFAULT NULL,
  `name` varchar(255) DEFAULT NULL,
  `question_group_id` int(11) DEFAULT NULL,
  `is_active` varchar(255) DEFAULT '6',
  `createdby` int(11) DEFAULT NULL,
  `created` datetime DEFAULT CURRENT_TIMESTAMP,
  `updatedby` int(11) DEFAULT NULL,
  `updated` datetime DEFAULT NULL ON UPDATE CURRENT_TIMESTAMP
) ENGINE=InnoDB DEFAULT CHARSET=latin1;

--
-- Dumping data for table `question`
--

INSERT INTO `question` (`question_id`, `value`, `name`, `question_group_id`, `is_active`, `createdby`, `created`, `updatedby`, `updated`) VALUES
(1, NULL, ' I consider myself to be athletic', 1, '6', NULL, '2018-11-08 11:33:29', NULL, '2018-11-16 20:38:26'),
(2, NULL, 'I am a nature lover', 1, '6', NULL, '2018-11-08 11:33:35', NULL, '2018-11-16 20:38:26'),
(3, NULL, 'I am curious about the physical world (nature, space, living things)\r', 1, '6', NULL, '2018-11-08 11:33:40', NULL, '2018-11-16 20:38:26'),
(4, NULL, 'I am independent\r', 1, '6', NULL, '2018-11-08 11:33:45', NULL, '2018-11-16 20:38:26'),
(5, NULL, 'I like to fix things', 1, '6', NULL, '2018-11-08 11:33:50', NULL, '2018-11-16 20:38:26'),
(6, NULL, ' I like to use my hands (plant a garden, help with fixing up the house)', 1, '6', NULL, '2018-11-08 11:33:55', NULL, '2018-11-16 20:38:26'),
(7, NULL, ' I enjoy exercising', 1, '6', NULL, '2018-11-08 11:34:00', NULL, '2018-11-16 20:38:26'),
(8, NULL, ' I like to save money', 1, '6', NULL, '2018-11-08 11:34:05', NULL, '2018-11-16 20:38:26'),
(9, NULL, ' I like to work until the job gets done', 1, '6', NULL, '2018-11-08 11:34:09', NULL, '2018-11-16 20:38:26'),
(10, NULL, 'I like working on my own', 1, '6', NULL, '2018-11-08 11:34:14', NULL, '2018-11-16 20:38:26'),
(11, NULL, 'I am very cautious and careful', 2, '6', NULL, '2018-11-08 11:36:32', NULL, '2018-11-16 20:38:31'),
(12, NULL, ' I am curious about everything', 2, '6', NULL, '2018-11-08 11:36:43', NULL, '2018-11-16 20:38:31'),
(13, NULL, '  I can do complex calculations', 2, '6', NULL, '2018-11-08 11:37:16', NULL, '2018-11-16 20:38:31'),
(15, NULL, ' I like to solve math problems', 2, '6', NULL, '2018-11-08 11:37:25', NULL, '2018-11-16 20:38:31'),
(16, NULL, 'I like to use computers', 2, '6', NULL, '2018-11-08 11:37:35', NULL, '2018-11-16 20:38:31'),
(17, NULL, ' I like to read books all the time', 2, '6', NULL, '2018-11-08 11:37:41', NULL, '2018-11-16 20:38:31'),
(18, NULL, ' I like collecting things (rocks, stamps, coins)', 2, '6', NULL, '2018-11-08 11:37:48', NULL, '2018-11-16 20:38:31'),
(19, NULL, 'I like crossword puzzles', 2, '6', NULL, '2018-11-08 11:37:52', NULL, '2018-11-16 20:38:31'),
(20, NULL, 'I like science class or science subjects', 2, '6', NULL, '2018-11-08 11:37:56', NULL, '2018-11-16 20:38:31'),
(21, NULL, ' I like to be challenged\r', 2, '6', NULL, '2018-11-08 11:38:02', NULL, '2018-11-16 20:38:31'),
(22, NULL, ' I am very creative', 3, '6', NULL, '2018-11-08 11:40:16', NULL, '2018-11-16 20:38:40'),
(23, NULL, 'I like to draw and paint', 3, '6', NULL, '2018-11-08 11:40:23', NULL, '2018-11-16 20:38:40'),
(24, NULL, ' I can play a musical instrument', 3, '6', NULL, '2018-11-08 11:40:28', NULL, '2018-11-16 20:38:40'),
(25, NULL, ' I like designing my own clothing or wearing exciting fashions', 3, '6', NULL, '2018-11-08 11:40:33', NULL, '2018-11-16 20:38:40'),
(26, NULL, 'I like to read fiction, plays and poetry', 3, '6', NULL, '2018-11-08 11:40:38', NULL, '2018-11-16 20:38:40'),
(27, NULL, ' I like arts and crafts', 3, '6', NULL, '2018-11-08 11:40:44', NULL, '2018-11-16 20:38:40'),
(28, NULL, ' I attend lots of movies', 3, '6', NULL, '2018-11-08 11:40:49', NULL, '2018-11-16 20:38:40'),
(29, NULL, 'I like to take pictures of everything (birds, people, landmarks)', 3, '6', NULL, '2018-11-08 11:40:54', NULL, '2018-11-16 20:38:41'),
(30, NULL, 'I enjoy learning a foreign language', 3, '6', NULL, '2018-11-08 11:41:05', NULL, '2018-11-16 20:38:41'),
(31, NULL, 'I like to sing, act and dance', 3, '6', NULL, '2018-11-08 11:41:11', NULL, '2018-11-16 20:38:41'),
(32, NULL, 'I am very friendly', 4, '6', NULL, '2018-11-08 11:41:49', NULL, '2018-11-16 20:38:45'),
(33, NULL, 'I like tutoring or teaching others', 4, '6', NULL, '2018-11-08 11:41:54', NULL, '2018-11-16 20:38:45'),
(34, NULL, ' I like talking in front of people', 4, '6', NULL, '2018-11-08 11:42:01', NULL, '2018-11-16 20:38:45'),
(35, NULL, 'I work well with classmates and friends', 4, '6', NULL, '2018-11-08 11:42:06', NULL, '2018-11-16 20:38:45'),
(36, NULL, 'I enjoy leading discussions', 4, '6', NULL, '2018-11-08 11:42:10', NULL, '2018-11-16 20:38:45'),
(37, NULL, 'I like helping people with problems\r', 4, '6', NULL, '2018-11-08 11:42:15', NULL, '2018-11-16 20:38:45'),
(38, NULL, 'I play team sports\r', 4, '6', NULL, '2018-11-08 11:42:21', NULL, '2018-11-16 20:38:45'),
(39, NULL, ' I like going to parties', 4, '6', NULL, '2018-11-08 11:42:25', NULL, '2018-11-16 20:38:45'),
(40, NULL, ' I like making new friends', 4, '6', NULL, '2018-11-08 11:42:30', NULL, '2018-11-16 20:38:45'),
(41, NULL, 'I like working with social groups at my church', 4, '6', NULL, '2018-11-08 11:42:36', NULL, '2018-11-16 20:38:45'),
(42, NULL, 'I like learning about money', 5, '6', NULL, '2018-11-08 11:42:55', NULL, '2018-11-16 20:38:53'),
(43, NULL, ' I enjoy selling products (school candy drives, church fundraisers)', 5, '6', NULL, '2018-11-08 11:43:02', NULL, '2018-11-16 20:38:53'),
(44, NULL, 'I consider myself to be popular in school\r', 5, '6', NULL, '2018-11-08 11:43:10', NULL, '2018-11-16 20:38:53'),
(45, NULL, ' I like to lead groups and discussions', 5, '6', NULL, '2018-11-08 11:43:16', NULL, '2018-11-16 20:38:53'),
(46, NULL, ' I am often elected to officer positions in groups or clubs', 5, '6', NULL, '2018-11-08 11:43:20', NULL, '2018-11-16 20:38:53'),
(47, NULL, ' I like having power and leadership\r', 5, '6', NULL, '2018-11-08 11:43:26', NULL, '2018-11-16 20:38:53'),
(48, NULL, 'I want to own a small business', 5, '6', NULL, '2018-11-08 11:43:30', NULL, '2018-11-16 20:38:53'),
(49, NULL, ' I like to save money', 5, '6', NULL, '2018-11-08 11:43:35', NULL, '2018-11-16 20:38:53'),
(50, NULL, ' I like to work until the job gets done', 5, '6', NULL, '2018-11-08 11:43:40', NULL, '2018-11-16 20:38:53'),
(51, NULL, 'I like taking risks and engaging in new adventures', 5, '6', NULL, '2018-11-08 11:43:45', NULL, '2018-11-16 20:38:53'),
(52, NULL, 'I am very organized and neat', 6, '6', NULL, '2018-11-08 11:44:02', NULL, '2018-11-16 20:38:59'),
(53, NULL, 'I like making sure that my room is neat and clean very often', 6, '6', NULL, '2018-11-08 11:44:07', NULL, '2018-11-16 20:38:59'),
(54, NULL, 'I enjoy collecting newspaper articles about famous events', 6, '6', NULL, '2018-11-08 11:44:12', NULL, '2018-11-16 20:38:59'),
(55, NULL, 'I like keeping lists', 6, '6', NULL, '2018-11-08 11:44:17', NULL, '2018-11-16 20:38:59'),
(56, NULL, ' I like using the computer', 6, '6', NULL, '2018-11-08 11:44:21', NULL, '2018-11-16 20:38:59'),
(57, NULL, ' I am very practical and consider all costs when buying something', 6, '6', NULL, '2018-11-08 11:44:26', NULL, '2018-11-16 20:38:59'),
(58, NULL, ' I would rather type a school assignment then turn it in long-hand', 6, '6', NULL, '2018-11-08 11:44:31', NULL, '2018-11-16 20:38:59'),
(59, NULL, ' I like being the secretary in my clubs or groups\r', 6, '6', NULL, '2018-11-08 11:44:36', NULL, '2018-11-16 20:38:59'),
(60, NULL, 'I double-check all mathematics assignments', 6, '6', NULL, '2018-11-08 11:44:41', NULL, '2018-11-16 20:38:59'),
(61, NULL, ' I like writing letters\r', 6, '6', NULL, '2018-11-08 11:44:46', NULL, '2018-11-16 20:38:59');

-- --------------------------------------------------------

--
-- Table structure for table `ref_evidence`
--

CREATE TABLE `ref_evidence` (
  `ref_evidence_id` int(11) NOT NULL,
  `value` varchar(255) DEFAULT NULL,
  `name` varchar(255) DEFAULT NULL,
  `description` varchar(255) DEFAULT NULL,
  `ref_evidence_group_id` int(11) DEFAULT NULL,
  `is_active` varchar(255) DEFAULT '6',
  `createdby` int(11) DEFAULT NULL,
  `created` datetime DEFAULT CURRENT_TIMESTAMP,
  `updatedby` int(11) DEFAULT NULL,
  `updated` datetime DEFAULT NULL ON UPDATE CURRENT_TIMESTAMP
) ENGINE=InnoDB DEFAULT CHARSET=latin1;

--
-- Dumping data for table `ref_evidence`
--

INSERT INTO `ref_evidence` (`ref_evidence_id`, `value`, `name`, `description`, `ref_evidence_group_id`, `is_active`, `createdby`, `created`, `updatedby`, `updated`) VALUES
(1, 'R', 'Realistic', 'People who have athletic ability, prefer to work with objects, machines, tools, plants or\r\nanimals, or to be outdoors.', 18, '6', NULL, '2018-11-16 15:03:09', NULL, '2018-11-16 23:10:35'),
(2, 'I', 'Investigative', 'People who like to observe, learn, investigate, analyze, evaluate, or solve problems.', 18, '6', NULL, '2018-11-16 15:03:36', NULL, '2018-11-16 23:10:35'),
(3, 'A', 'Artistic', 'People who have artistic, innovating, or intuitional abilities and like to work in\r\nunstructured situations using their imagination and creativity.', 18, '6', NULL, '2018-11-16 15:03:37', NULL, '2018-11-16 23:10:35'),
(4, 'S', 'Social', 'People who like to work with people to enlighten, inform, help, train, or cure them, or are\r\nskilled with words.\r', 18, '6', NULL, '2018-11-16 15:03:38', NULL, '2018-11-16 23:10:35'),
(5, 'E', 'Enterprising', 'People who like to work with people, influencing, persuading, leading or managing for\r\norganizational goals or economic gain.\r', 18, '6', NULL, '2018-11-16 15:03:39', NULL, '2018-11-16 23:10:35'),
(6, 'C', 'Conventional', 'People who like to work with data, have clerical or numerical ability, carry out tasks in\r\ndetail, or follow through on others’ instructions.', 18, '6', NULL, '2018-11-16 15:03:39', NULL, '2018-11-16 23:10:35'),
(7, NULL, 'Farmasi', NULL, 19, '6', NULL, '2018-11-16 15:04:18', NULL, '2018-11-22 12:19:57'),
(8, NULL, 'Analis Kesehatan', NULL, 19, '6', NULL, '2018-11-16 15:04:46', NULL, '2018-11-22 12:20:12'),
(9, NULL, 'Keperawatan', NULL, 19, '6', NULL, '2018-11-16 15:04:56', NULL, '2018-11-22 12:22:11');

-- --------------------------------------------------------

--
-- Table structure for table `ref_hypothesis`
--

CREATE TABLE `ref_hypothesis` (
  `ref_hypothesis_id` int(11) NOT NULL,
  `value` varchar(255) DEFAULT NULL,
  `name` varchar(255) DEFAULT NULL,
  `probability_value` decimal(10,5) DEFAULT '0.00000',
  `is_active` varchar(255) DEFAULT '6',
  `createdby` int(11) DEFAULT NULL,
  `created` datetime DEFAULT CURRENT_TIMESTAMP,
  `updatedby` int(11) DEFAULT NULL,
  `updated` datetime DEFAULT NULL ON UPDATE CURRENT_TIMESTAMP
) ENGINE=InnoDB DEFAULT CHARSET=latin1;

--
-- Dumping data for table `ref_hypothesis`
--

INSERT INTO `ref_hypothesis` (`ref_hypothesis_id`, `value`, `name`, `probability_value`, `is_active`, `createdby`, `created`, `updatedby`, `updated`) VALUES
(33, NULL, 'Clinical Dietitian', '0.54464', '6', NULL, '2018-11-16 15:09:55', NULL, '2018-11-22 12:23:26'),
(34, NULL, 'Hospital Administrator ', '0.55673', '6', NULL, '2018-11-16 15:09:55', NULL, '2018-11-22 13:17:00'),
(40, 'asdas', 'Medical Assistant', '0.57453', '6', 6, '2018-11-17 00:00:24', 6, '2018-11-22 12:23:50'),
(41, NULL, 'Physical Therapist', '0.32478', '6', NULL, '2018-11-22 12:24:00', NULL, '2018-11-22 13:17:06'),
(42, NULL, 'Registered Nurse', '0.76349', '6', NULL, '2018-11-22 12:24:10', NULL, '2018-11-22 13:17:11'),
(43, NULL, 'Medical Records Technician', '0.87452', '6', NULL, '2018-11-22 12:24:39', NULL, '2018-11-22 13:17:16'),
(44, NULL, 'Emergency Medical Technician', '0.13795', '6', NULL, '2018-11-22 12:24:56', NULL, '2018-11-22 13:17:21'),
(45, NULL, 'Medical Illustrator', '0.25804', '6', NULL, '2018-11-22 12:25:28', NULL, '2018-11-22 13:17:25'),
(46, NULL, 'Dentist', '0.35845', '6', NULL, '2018-11-22 12:25:42', NULL, '2018-11-22 13:17:30'),
(47, NULL, 'Medical Technologist', '0.48574', '6', NULL, '2018-11-22 12:25:49', NULL, '2018-11-22 13:17:35'),
(48, NULL, 'Nurse Practitioner', '0.53666', '6', NULL, '2018-11-22 12:25:54', NULL, '2018-11-22 13:17:39'),
(49, NULL, 'Pharmacist', '0.63468', '6', NULL, '2018-11-22 12:25:59', NULL, '2018-11-22 13:17:48');

-- --------------------------------------------------------

--
-- Table structure for table `ref_hypothesis_detail`
--

CREATE TABLE `ref_hypothesis_detail` (
  `ref_hypothesis_detail_id` int(11) NOT NULL,
  `ref_hypothesis_id` int(11) DEFAULT NULL,
  `ref_evidence_id` int(11) DEFAULT NULL,
  `probability_value` decimal(10,5) DEFAULT NULL,
  `createdby` int(11) DEFAULT NULL,
  `created` datetime DEFAULT CURRENT_TIMESTAMP,
  `updatedby` int(11) DEFAULT NULL,
  `updated` datetime DEFAULT NULL ON UPDATE CURRENT_TIMESTAMP
) ENGINE=InnoDB DEFAULT CHARSET=latin1;

--
-- Dumping data for table `ref_hypothesis_detail`
--

INSERT INTO `ref_hypothesis_detail` (`ref_hypothesis_detail_id`, `ref_hypothesis_id`, `ref_evidence_id`, `probability_value`, `createdby`, `created`, `updatedby`, `updated`) VALUES
(205, NULL, 1, '0.00000', 6, '2018-11-16 20:09:01', NULL, NULL),
(206, NULL, 2, '0.00000', 6, '2018-11-16 20:09:01', NULL, NULL),
(207, NULL, 3, '0.00000', 6, '2018-11-16 20:09:01', NULL, NULL),
(208, NULL, 4, '0.00000', 6, '2018-11-16 20:09:01', NULL, NULL),
(209, NULL, 5, '0.00000', 6, '2018-11-16 20:09:01', NULL, NULL),
(210, NULL, 6, '0.00000', 6, '2018-11-16 20:09:01', NULL, NULL),
(211, NULL, 7, '0.45340', 6, '2018-11-16 20:09:01', NULL, NULL),
(212, NULL, 8, '0.00000', 6, '2018-11-16 20:09:01', NULL, NULL),
(213, NULL, 9, '0.00000', 6, '2018-11-16 20:09:01', NULL, NULL),
(736, 33, 1, '0.34543', 6, '2018-11-22 13:18:14', NULL, NULL),
(737, 33, 2, '0.45430', 6, '2018-11-22 13:18:14', NULL, NULL),
(738, 33, 3, '0.23430', 6, '2018-11-22 13:18:14', NULL, NULL),
(739, 33, 4, '0.23430', 6, '2018-11-22 13:18:14', NULL, NULL),
(740, 33, 5, '0.23436', 6, '2018-11-22 13:18:14', NULL, NULL),
(741, 33, 6, '0.34544', 6, '2018-11-22 13:18:14', NULL, NULL),
(742, 33, 7, '0.34534', 6, '2018-11-22 13:18:15', NULL, NULL),
(743, 33, 8, '0.34575', 6, '2018-11-22 13:18:15', NULL, NULL),
(744, 33, 9, '0.23664', 6, '2018-11-22 13:18:15', NULL, NULL),
(745, 34, 1, '0.34524', 6, '2018-11-22 13:18:40', NULL, NULL),
(746, 34, 2, '0.43462', 6, '2018-11-22 13:18:40', NULL, NULL),
(747, 34, 3, '0.53462', 6, '2018-11-22 13:18:40', NULL, NULL),
(748, 34, 4, '0.32347', 6, '2018-11-22 13:18:40', NULL, NULL),
(749, 34, 5, '0.64735', 6, '2018-11-22 13:18:40', NULL, NULL),
(750, 34, 6, '0.77456', 6, '2018-11-22 13:18:40', NULL, NULL),
(751, 34, 7, '0.63454', 6, '2018-11-22 13:18:40', NULL, NULL),
(752, 34, 8, '0.63454', 6, '2018-11-22 13:18:41', NULL, NULL),
(753, 34, 9, '0.75635', 6, '2018-11-22 13:18:41', NULL, NULL),
(754, 40, 1, '0.23743', 6, '2018-11-22 13:19:04', NULL, NULL),
(755, 40, 2, '0.73454', 6, '2018-11-22 13:19:04', NULL, NULL),
(756, 40, 3, '0.75635', 6, '2018-11-22 13:19:04', NULL, NULL),
(757, 40, 4, '0.34540', 6, '2018-11-22 13:19:04', NULL, NULL),
(758, 40, 5, '0.37465', 6, '2018-11-22 13:19:04', NULL, NULL),
(759, 40, 6, '0.24523', 6, '2018-11-22 13:19:04', NULL, NULL),
(760, 40, 7, '0.65345', 6, '2018-11-22 13:19:04', NULL, NULL),
(761, 40, 8, '0.43460', 6, '2018-11-22 13:19:04', NULL, NULL),
(762, 40, 9, '0.13435', 6, '2018-11-22 13:19:04', NULL, NULL),
(763, 49, 1, '0.23464', 6, '2018-11-22 13:19:30', NULL, NULL),
(764, 49, 2, '0.23453', 6, '2018-11-22 13:19:30', NULL, NULL),
(765, 49, 3, '0.63450', 6, '2018-11-22 13:19:30', NULL, NULL),
(766, 49, 4, '0.34640', 6, '2018-11-22 13:19:30', NULL, NULL),
(767, 49, 5, '0.75436', 6, '2018-11-22 13:19:30', NULL, NULL),
(768, 49, 6, '0.73453', 6, '2018-11-22 13:19:30', NULL, NULL),
(769, 49, 7, '0.52354', 6, '2018-11-22 13:19:30', NULL, NULL),
(770, 49, 8, '0.56345', 6, '2018-11-22 13:19:30', NULL, NULL),
(771, 49, 9, '0.23430', 6, '2018-11-22 13:19:30', NULL, NULL),
(772, 48, 1, '0.23430', 6, '2018-11-22 13:20:09', NULL, NULL),
(773, 48, 2, '0.64340', 6, '2018-11-22 13:20:09', NULL, NULL),
(774, 48, 3, '0.67345', 6, '2018-11-22 13:20:09', NULL, NULL),
(775, 48, 4, '0.34230', 6, '2018-11-22 13:20:09', NULL, NULL),
(776, 48, 5, '0.73456', 6, '2018-11-22 13:20:09', NULL, NULL),
(777, 48, 6, '0.45732', 6, '2018-11-22 13:20:09', NULL, NULL),
(778, 48, 7, '0.72350', 6, '2018-11-22 13:20:09', NULL, NULL),
(779, 48, 8, '0.43423', 6, '2018-11-22 13:20:09', NULL, NULL),
(780, 48, 9, '0.62343', 6, '2018-11-22 13:20:09', NULL, NULL),
(781, 41, 1, '0.34543', 6, '2018-11-22 13:21:19', NULL, NULL),
(782, 41, 2, '0.74563', 6, '2018-11-22 13:21:19', NULL, NULL),
(783, 41, 3, '0.75456', 6, '2018-11-22 13:21:19', NULL, NULL),
(784, 41, 4, '0.62343', 6, '2018-11-22 13:21:19', NULL, NULL),
(785, 41, 5, '0.63420', 6, '2018-11-22 13:21:19', NULL, NULL),
(786, 41, 6, '0.23450', 6, '2018-11-22 13:21:19', NULL, NULL),
(787, 41, 7, '0.73460', 6, '2018-11-22 13:21:19', NULL, NULL),
(788, 41, 8, '0.43450', 6, '2018-11-22 13:21:19', NULL, NULL),
(789, 41, 9, '0.83640', 6, '2018-11-22 13:21:19', NULL, NULL),
(790, 42, 1, '0.12345', 6, '2018-11-22 13:22:15', NULL, NULL),
(791, 42, 2, '0.23456', 6, '2018-11-22 13:22:15', NULL, NULL),
(792, 42, 3, '0.34567', 6, '2018-11-22 13:22:15', NULL, NULL),
(793, 42, 4, '0.45678', 6, '2018-11-22 13:22:15', NULL, NULL),
(794, 42, 5, '0.56789', 6, '2018-11-22 13:22:15', NULL, NULL),
(795, 42, 6, '0.67889', 6, '2018-11-22 13:22:15', NULL, NULL),
(796, 42, 7, '0.76554', 6, '2018-11-22 13:22:15', NULL, NULL),
(797, 42, 8, '0.65443', 6, '2018-11-22 13:22:15', NULL, NULL),
(798, 42, 9, '0.54232', 6, '2018-11-22 13:22:15', NULL, NULL),
(799, 43, 1, '0.28733', 6, '2018-11-22 13:22:59', NULL, NULL),
(800, 43, 2, '0.49275', 6, '2018-11-22 13:22:59', NULL, NULL),
(801, 43, 3, '0.67294', 6, '2018-11-22 13:23:00', NULL, NULL),
(802, 43, 4, '0.64826', 6, '2018-11-22 13:23:00', NULL, NULL),
(803, 43, 5, '0.36285', 6, '2018-11-22 13:23:00', NULL, NULL),
(804, 43, 6, '0.57382', 6, '2018-11-22 13:23:00', NULL, NULL),
(805, 43, 7, '0.46824', 6, '2018-11-22 13:23:00', NULL, NULL),
(806, 43, 8, '0.52849', 6, '2018-11-22 13:23:00', NULL, NULL),
(807, 43, 9, '0.26284', 6, '2018-11-22 13:23:00', NULL, NULL),
(808, 44, 1, '0.43954', 6, '2018-11-22 13:23:55', NULL, NULL),
(809, 44, 2, '0.59237', 6, '2018-11-22 13:23:55', NULL, NULL),
(810, 44, 3, '0.62934', 6, '2018-11-22 13:23:55', NULL, NULL),
(811, 44, 4, '0.23424', 6, '2018-11-22 13:23:55', NULL, NULL),
(812, 44, 5, '0.23928', 6, '2018-11-22 13:23:55', NULL, NULL),
(813, 44, 6, '0.43252', 6, '2018-11-22 13:23:55', NULL, NULL),
(814, 44, 7, '0.63424', 6, '2018-11-22 13:23:55', NULL, NULL),
(815, 44, 8, '0.62343', 6, '2018-11-22 13:23:55', NULL, NULL),
(816, 44, 9, '0.72453', 6, '2018-11-22 13:23:55', NULL, NULL),
(817, 45, 1, '0.23985', 6, '2018-11-22 13:24:30', NULL, NULL),
(818, 45, 2, '0.59283', 6, '2018-11-22 13:24:30', NULL, NULL),
(819, 45, 3, '0.68392', 6, '2018-11-22 13:24:30', NULL, NULL),
(820, 45, 4, '0.21345', 6, '2018-11-22 13:24:30', NULL, NULL),
(821, 45, 5, '0.72353', 6, '2018-11-22 13:24:30', NULL, NULL),
(822, 45, 6, '0.32340', 6, '2018-11-22 13:24:30', NULL, NULL),
(823, 45, 7, '0.62343', 6, '2018-11-22 13:24:30', NULL, NULL),
(824, 45, 8, '0.72353', 6, '2018-11-22 13:24:30', NULL, NULL),
(825, 45, 9, '0.23446', 6, '2018-11-22 13:24:30', NULL, NULL),
(826, 46, 1, '0.72934', 6, '2018-11-22 13:25:03', NULL, NULL),
(827, 46, 2, '0.32356', 6, '2018-11-22 13:25:03', NULL, NULL),
(828, 46, 3, '0.62343', 6, '2018-11-22 13:25:03', NULL, NULL),
(829, 46, 4, '0.87925', 6, '2018-11-22 13:25:03', NULL, NULL),
(830, 46, 5, '0.23465', 6, '2018-11-22 13:25:03', NULL, NULL),
(831, 46, 6, '0.72353', 6, '2018-11-22 13:25:03', NULL, NULL),
(832, 46, 7, '0.23536', 6, '2018-11-22 13:25:03', NULL, NULL),
(833, 46, 8, '0.62343', 6, '2018-11-22 13:25:03', NULL, NULL),
(834, 46, 9, '0.23454', 6, '2018-11-22 13:25:03', NULL, NULL),
(835, 47, 1, '0.34235', 6, '2018-11-22 13:25:33', NULL, NULL),
(836, 47, 2, '0.62352', 6, '2018-11-22 13:25:33', NULL, NULL),
(837, 47, 3, '0.67523', 6, '2018-11-22 13:25:34', NULL, NULL),
(838, 47, 4, '0.75234', 6, '2018-11-22 13:25:34', NULL, NULL),
(839, 47, 5, '0.23565', 6, '2018-11-22 13:25:34', NULL, NULL),
(840, 47, 6, '0.75234', 6, '2018-11-22 13:25:34', NULL, NULL),
(841, 47, 7, '0.52346', 6, '2018-11-22 13:25:34', NULL, NULL),
(842, 47, 8, '0.72354', 6, '2018-11-22 13:25:34', NULL, NULL),
(843, 47, 9, '0.32354', 6, '2018-11-22 13:25:34', NULL, NULL);

-- --------------------------------------------------------

--
-- Table structure for table `user`
--

CREATE TABLE `user` (
  `user_id` int(11) NOT NULL,
  `value` varchar(255) DEFAULT NULL,
  `username` varchar(255) DEFAULT NULL,
  `name` varchar(255) DEFAULT NULL,
  `gendre_id` int(11) DEFAULT NULL,
  `datebirth` date DEFAULT NULL,
  `vocation_id` int(11) DEFAULT NULL,
  `role_id` int(11) DEFAULT NULL,
  `password` varchar(255) DEFAULT NULL,
  `is_active` varchar(255) DEFAULT '6',
  `createdby` int(11) DEFAULT NULL,
  `created` datetime DEFAULT CURRENT_TIMESTAMP,
  `updatedby` int(11) DEFAULT NULL,
  `updated` datetime DEFAULT NULL ON UPDATE CURRENT_TIMESTAMP
) ENGINE=InnoDB DEFAULT CHARSET=latin1;

--
-- Dumping data for table `user`
--

INSERT INTO `user` (`user_id`, `value`, `username`, `name`, `gendre_id`, `datebirth`, `vocation_id`, `role_id`, `password`, `is_active`, `createdby`, `created`, `updatedby`, `updated`) VALUES
(1, '9964202395', 'agesti', 'AGESTI YULIA NOVA PRATIWI', 5, '1994-08-08', 7, 1, '40f4070ebec9c20a26ab99ef211be689f7d9df7d2e639f83270036e7adc63c9a7b48c828dfbf27e0850551589ac0eab93f50cfc92d8b68c0f5dd5a31944a046f6rTO+TMPLQlbWNc12NN15hrH9BnyWXOffWvNcOy32cI=', '6', NULL, '2018-11-08 11:52:37', NULL, '2018-11-17 00:06:38'),
(2, '9964202396', 'asep', 'ASEP RAHMAT', 4, '1994-03-06', 8, 1, '40f4070ebec9c20a26ab99ef211be689f7d9df7d2e639f83270036e7adc63c9a7b48c828dfbf27e0850551589ac0eab93f50cfc92d8b68c0f5dd5a31944a046f6rTO+TMPLQlbWNc12NN15hrH9BnyWXOffWvNcOy32cI=', '6', NULL, '2018-11-08 11:52:37', NULL, '2018-11-16 20:19:57'),
(4, '9964202398', 'indri', 'INDRI ENGGAR TIASTI', 5, '1994-05-12', 9, 1, '40f4070ebec9c20a26ab99ef211be689f7d9df7d2e639f83270036e7adc63c9a7b48c828dfbf27e0850551589ac0eab93f50cfc92d8b68c0f5dd5a31944a046f6rTO+TMPLQlbWNc12NN15hrH9BnyWXOffWvNcOy32cI=', '6', NULL, '2018-11-08 11:52:37', NULL, '2018-11-16 20:19:58'),
(5, '9964202399', 'resti', 'RESTI TRI AMBARWATI', 5, '1994-02-08', 8, 1, '40f4070ebec9c20a26ab99ef211be689f7d9df7d2e639f83270036e7adc63c9a7b48c828dfbf27e0850551589ac0eab93f50cfc92d8b68c0f5dd5a31944a046f6rTO+TMPLQlbWNc12NN15hrH9BnyWXOffWvNcOy32cI=', '6', NULL, '2018-11-08 11:52:37', NULL, '2018-11-22 12:20:34'),
(6, NULL, 'pakar', 'ENCEP RACHMAT RAHAYU', 5, NULL, NULL, 3, '40f4070ebec9c20a26ab99ef211be689f7d9df7d2e639f83270036e7adc63c9a7b48c828dfbf27e0850551589ac0eab93f50cfc92d8b68c0f5dd5a31944a046f6rTO+TMPLQlbWNc12NN15hrH9BnyWXOffWvNcOy32cI=', '6', NULL, '2018-11-16 15:38:36', NULL, '2018-11-16 20:57:21');

--
-- Indexes for dumped tables
--

--
-- Indexes for table `answer`
--
ALTER TABLE `answer`
  ADD PRIMARY KEY (`answer_id`);

--
-- Indexes for table `answer_detail`
--
ALTER TABLE `answer_detail`
  ADD PRIMARY KEY (`answer_detail_id`),
  ADD KEY `answer_id` (`answer_id`);

--
-- Indexes for table `code_result`
--
ALTER TABLE `code_result`
  ADD PRIMARY KEY (`code_result_id`),
  ADD KEY `holland_code_id` (`holland_code_id`),
  ADD KEY `code_result_group_id` (`code_result_group_id`);

--
-- Indexes for table `data_list`
--
ALTER TABLE `data_list`
  ADD PRIMARY KEY (`data_list_id`);

--
-- Indexes for table `module`
--
ALTER TABLE `module`
  ADD PRIMARY KEY (`module_id`);

--
-- Indexes for table `module_group`
--
ALTER TABLE `module_group`
  ADD PRIMARY KEY (`module_group_id`);

--
-- Indexes for table `question`
--
ALTER TABLE `question`
  ADD PRIMARY KEY (`question_id`),
  ADD KEY `question_ibfk_1` (`question_group_id`);

--
-- Indexes for table `ref_evidence`
--
ALTER TABLE `ref_evidence`
  ADD PRIMARY KEY (`ref_evidence_id`);

--
-- Indexes for table `ref_hypothesis`
--
ALTER TABLE `ref_hypothesis`
  ADD PRIMARY KEY (`ref_hypothesis_id`);

--
-- Indexes for table `ref_hypothesis_detail`
--
ALTER TABLE `ref_hypothesis_detail`
  ADD PRIMARY KEY (`ref_hypothesis_detail_id`),
  ADD KEY `ref_hypothesis_detail_ibfk_1` (`ref_hypothesis_id`),
  ADD KEY `ref_evidence_id` (`ref_evidence_id`);

--
-- Indexes for table `user`
--
ALTER TABLE `user`
  ADD PRIMARY KEY (`user_id`),
  ADD KEY `gendre_id` (`gendre_id`),
  ADD KEY `role_id` (`role_id`),
  ADD KEY `user_ibfk_2` (`vocation_id`);

--
-- AUTO_INCREMENT for dumped tables
--

--
-- AUTO_INCREMENT for table `answer`
--
ALTER TABLE `answer`
  MODIFY `answer_id` int(11) NOT NULL AUTO_INCREMENT, AUTO_INCREMENT=9;
--
-- AUTO_INCREMENT for table `answer_detail`
--
ALTER TABLE `answer_detail`
  MODIFY `answer_detail_id` int(11) NOT NULL AUTO_INCREMENT, AUTO_INCREMENT=481;
--
-- AUTO_INCREMENT for table `code_result`
--
ALTER TABLE `code_result`
  MODIFY `code_result_id` int(11) NOT NULL AUTO_INCREMENT;
--
-- AUTO_INCREMENT for table `data_list`
--
ALTER TABLE `data_list`
  MODIFY `data_list_id` int(11) NOT NULL AUTO_INCREMENT, AUTO_INCREMENT=20;
--
-- AUTO_INCREMENT for table `module`
--
ALTER TABLE `module`
  MODIFY `module_id` int(11) NOT NULL AUTO_INCREMENT, AUTO_INCREMENT=1000032;
--
-- AUTO_INCREMENT for table `module_group`
--
ALTER TABLE `module_group`
  MODIFY `module_group_id` int(11) NOT NULL AUTO_INCREMENT, AUTO_INCREMENT=1000516;
--
-- AUTO_INCREMENT for table `question`
--
ALTER TABLE `question`
  MODIFY `question_id` int(11) NOT NULL AUTO_INCREMENT, AUTO_INCREMENT=62;
--
-- AUTO_INCREMENT for table `ref_evidence`
--
ALTER TABLE `ref_evidence`
  MODIFY `ref_evidence_id` int(11) NOT NULL AUTO_INCREMENT, AUTO_INCREMENT=10;
--
-- AUTO_INCREMENT for table `ref_hypothesis`
--
ALTER TABLE `ref_hypothesis`
  MODIFY `ref_hypothesis_id` int(11) NOT NULL AUTO_INCREMENT, AUTO_INCREMENT=50;
--
-- AUTO_INCREMENT for table `ref_hypothesis_detail`
--
ALTER TABLE `ref_hypothesis_detail`
  MODIFY `ref_hypothesis_detail_id` int(11) NOT NULL AUTO_INCREMENT, AUTO_INCREMENT=844;
--
-- AUTO_INCREMENT for table `user`
--
ALTER TABLE `user`
  MODIFY `user_id` int(11) NOT NULL AUTO_INCREMENT, AUTO_INCREMENT=7;
--
-- Constraints for dumped tables
--

--
-- Constraints for table `answer_detail`
--
ALTER TABLE `answer_detail`
  ADD CONSTRAINT `answer_detail_ibfk_1` FOREIGN KEY (`answer_id`) REFERENCES `answer` (`answer_id`) ON DELETE CASCADE;

--
-- Constraints for table `code_result`
--
ALTER TABLE `code_result`
  ADD CONSTRAINT `code_result_ibfk_1` FOREIGN KEY (`holland_code_id`) REFERENCES `data_list` (`data_list_id`),
  ADD CONSTRAINT `code_result_ibfk_2` FOREIGN KEY (`code_result_group_id`) REFERENCES `data_list` (`data_list_id`);

--
-- Constraints for table `question`
--
ALTER TABLE `question`
  ADD CONSTRAINT `question_ibfk_1` FOREIGN KEY (`question_group_id`) REFERENCES `ref_evidence` (`ref_evidence_id`);

--
-- Constraints for table `ref_hypothesis_detail`
--
ALTER TABLE `ref_hypothesis_detail`
  ADD CONSTRAINT `ref_hypothesis_detail_ibfk_1` FOREIGN KEY (`ref_hypothesis_id`) REFERENCES `ref_hypothesis` (`ref_hypothesis_id`) ON DELETE CASCADE,
  ADD CONSTRAINT `ref_hypothesis_detail_ibfk_2` FOREIGN KEY (`ref_evidence_id`) REFERENCES `ref_evidence` (`ref_evidence_id`) ON DELETE CASCADE;

--
-- Constraints for table `user`
--
ALTER TABLE `user`
  ADD CONSTRAINT `user_ibfk_1` FOREIGN KEY (`gendre_id`) REFERENCES `data_list` (`data_list_id`),
  ADD CONSTRAINT `user_ibfk_2` FOREIGN KEY (`vocation_id`) REFERENCES `ref_evidence` (`ref_evidence_id`),
  ADD CONSTRAINT `user_ibfk_3` FOREIGN KEY (`role_id`) REFERENCES `data_list` (`data_list_id`);

/*!40101 SET CHARACTER_SET_CLIENT=@OLD_CHARACTER_SET_CLIENT */;
/*!40101 SET CHARACTER_SET_RESULTS=@OLD_CHARACTER_SET_RESULTS */;
/*!40101 SET COLLATION_CONNECTION=@OLD_COLLATION_CONNECTION */;
